tempo,concentracao_celular
0,0.1
0.5,0.122140276
1,0.14918247
1.5,0.18221188
2,0.222554093
2.5,0.271828183
3,0.332011692
3.5,0.405519997
4,0.495303242
4.5,0.604964746
5,0.73890561
5.5,0.90250135
6,1.102317638
6.5,1.346373804
7,1.644464677
7.5,2.008553692
8,2.45325302
8.5,2.996410005
9,3.659823444
9.5,4.470118449
10,5.459815003
